img,a0,a1,a2,a3,a4,a5,a6,a7,a8,a9,a10,a11,a12,a13,a14,id
0-0.png,167.58647,87.57756,98.74184,167.75971,166.04019,111.23197,97.31792,63.97512,66.61722,85.51038,102.40643,92.3821,85.50689,95.63654,88.93223,1
1.jpg,166.32207,96.90983,90.29413,166.17452,166.82009,105.17773,90.62825,71.71475,68.58379,92.05578,96.48219,86.62008,80.30697,95.92256,88.02767,1
10-0.png,168.58276,96.75587,99.9638,156.32552,153.52136,134.69757,112.21244,75.75309,79.9001,81.77615,104.51993,87.46337,82.61611,97.7223,87.47987,1
10-1.png,20.57505,95.86998,107.6075,149.27115,138.27881,128.90238,98.34314,99.24716,96.20112,79.6111,97.39755,80.55345,76.68626,100.03621,90.719,1
10.jpg,168.43456,97.77383,90.32036,164.72375,167.87842,102.42545,97.67782,69.37928,67.38681,90.55438,93.81743,83.87565,82.10136,95.33275,98.38396,1
11-0.png,152.43165,91.33466,109.43056,132.96289,145.17466,139.97292,83.5569,71.91187,85.01749,93.57781,97.44144,94.21644,82.90308,90.48098,77.80063,1
11.jpg,178.54929,91.19129,93.13021,166.12562,160.12702,107.54034,88.27775,71.24949,70.60161,77.43672,97.13551,79.96682,82.20803,119.25615,122.10311,1
11a.jpg,168.60361,93.61372,103.96847,141.43308,146.91016,125.61202,99.36951,72.79872,78.49298,77.69882,108.25014,83.55843,81.52608,89.57163,98.0021,1
12-0.png,53.8134,101.45521,110.19095,141.24146,139.98699,129.04644,101.44279,84.97207,80.67077,78.16575,107.07846,83.5931,77.09682,98.10441,76.46468,1
12.jpg,178.24786,95.32989,95.82042,153.36726,159.25496,116.07507,91.62846,77.56002,75.98745,77.27277,103.90968,89.16641,86.70002,96.58556,76.74677,1
13.jpg,147.71513,91.80057,105.05714,138.91925,149.86148,130.09332,85.72889,69.54378,76.30572,102.27089,95.29332,93.8377,83.18806,98.48319,72.20598,1
14-0.png,164.55227,84.86075,109.61472,145.96989,150.46747,128.84213,88.75323,68.477,82.09795,93.07724,104.57936,95.20042,81.97055,91.38227,78.56979,1
14.jpg,167.13824,87.88332,106.19268,159.76022,152.26989,124.21112,95.54281,66.58343,75.46091,84.86809,104.49463,89.19364,82.04098,92.75886,75.71982,1
15-0.png,170.23127,90.91088,101.85997,161.21298,157.73755,111.35173,92.20448,58.95024,69.95026,83.81082,99.95574,80.4665,75.74368,109.01402,118.8802,1
15.jpg,165.4264,94.70942,99.44501,137.49159,138.80956,130.46221,76.10305,74.1701,76.09719,95.11594,95.28107,91.86364,82.85351,102.38647,75.94862,1
16-0.png,172.46016,97.24958,95.13686,165.52002,157.28752,110.88814,89.72957,76.50581,74.94574,81.01891,104.21773,88.36166,83.58885,80.05976,74.20985,1
16.jpg,170.44311,89.97239,97.93097,156.30209,168.34121,123.3822,101.92436,61.44979,67.20001,78.85234,106.70441,82.0598,85.68432,102.07524,89.57556,1
17-0.png,174.51155,91.42522,91.55487,173.19934,164.40265,99.92841,87.36959,68.7204,68.44619,85.65701,100.30113,88.96915,84.59049,89.81669,74.51342,1
17.jpg,172.2143,90.27408,102.58189,154.0147,163.49638,118.80023,85.90495,75.78567,78.95138,79.15835,106.93337,88.38224,89.05261,95.36329,74.34948,1
18-0.png,169.26536,95.27644,92.20558,141.31075,142.13543,129.14881,87.01126,48.06954,49.26032,93.49376,109.57867,74.89891,60.10419,60.94614,91.84978,1
18.jpg,159.44919,89.40671,99.87494,148.63562,156.40335,124.05319,81.68161,74.19003,76.37947,97.13992,97.47541,89.58797,79.82252,90.52792,74.84005,1
19.jpg,170.24167,87.76521,104.06093,160.09786,157.75648,120.66509,89.42752,63.91787,74.63191,82.41233,104.268,86.35762,79.56287,93.52823,79.28204,1
2.jpg,163.85985,87.80443,104.21604,148.6979,143.43738,123.95685,95.03072,80.49208,85.10446,92.95798,104.87515,88.48669,74.00317,88.54144,75.99464,1
2.webp,171.01695,98.09698,90.71276,157.99329,159.18572,122.14689,94.52054,60.12695,58.43388,81.4523,102.78451,85.92972,76.94095,99.77779,90.79865,1
20.jpg,141.45192,97.38036,95.45542,153.75886,165.38744,111.31331,71.5424,68.10867,69.62557,78.04688,107.32738,81.56872,76.66277,95.02602,84.58333,1
21.jpg,158.45976,88.15129,98.9467,164.47458,156.87941,115.48364,95.95377,76.94465,78.92153,71.29259,110.34705,90.48959,90.71203,110.05973,77.81537,1
22.jpg,163.7161,85.82963,101.72564,149.82571,164.31917,130.81228,97.1768,70.56859,77.57292,93.66638,100.29515,100.91323,89.77123,111.04657,77.17475,1
3.jpg,140.22287,101.72851,92.02198,147.00114,164.08709,112.65144,74.15335,69.52572,70.50753,86.76756,102.62678,88.73318,80.00291,92.20121,79.21595,1
4.jpg,170.73534,89.44965,100.48438,160.48881,160.48706,114.04608,94.8285,69.57887,76.68329,82.15743,100.15456,78.55354,73.15654,110.25198,106.14472,1
5.jpg,173.44105,90.90526,94.00499,169.25754,166.47266,109.68178,98.39291,67.0068,71.97557,79.40642,103.54933,85.34907,81.15247,100.62631,82.93194,1
6-0.png,177.36481,89.4644,96.26904,167.89444,158.47752,109.16553,89.68252,70.91782,70.10093,77.92679,103.0499,96.3006,95.43867,93.0186,88.33947,1
6.jpg,170.28424,90.24066,97.5741,167.88515,164.91657,117.70954,103.05102,69.56409,74.85974,84.39,101.20362,82.64082,76.59588,99.85396,99.78503,1
7-0.png,167.9767,89.82942,97.38695,166.73161,175.84183,108.35596,89.74068,66.10676,70.91444,80.92353,106.88701,87.38221,90.38432,97.96048,84.20407,1
7.jpg,149.10484,86.25444,99.75836,147.28774,154.27465,124.99244,69.62471,73.45881,75.21945,99.08049,99.76235,98.39609,81.64783,101.94173,82.41862,1
8-0.png,165.72264,100.84893,93.32636,160.0143,154.07985,122.54241,97.39474,78.76449,71.31401,86.8775,98.09924,80.18747,73.26179,109.72204,98.52158,1
8.jpg,125.95547,95.53912,100.21008,145.32977,156.54519,129.53603,95.86331,75.89898,75.2352,93.52612,101.16471,89.16784,76.38014,88.86064,83.56677,1
9.jpg,172.14107,92.25107,98.94776,161.4098,160.24479,113.23165,97.54536,69.74144,74.07926,76.4432,105.01524,84.38268,80.33064,78.25368,71.80947,1
1.jpg,127.34942,110.7744,80.07425,151.98167,152.73861,123.99442,163.0163,37.30874,7.09721,76.21429,112.21545,149.28996,166.30893,124.03857,114.7585,2
10.jpg,123.63422,110.7842,86.4801,164.07402,144.70123,126.43056,153.04186,38.94476,9.60507,85.25623,87.60034,164.78155,166.68917,102.5243,97.36163,2
11.jpg,123.63356,118.27025,87.4414,165.18496,131.74812,128.9181,166.78696,42.31656,10.60143,86.32585,66.0952,175.71784,152.77328,95.33022,95.67623,2
12.jpg,118.00644,115.19583,89.64219,160.58554,142.55327,123.34608,158.71658,41.603,20.63874,90.42084,80.3152,165.37771,157.20477,101.37269,97.71888,2
13.jpg,114.91869,113.63819,83.61298,153.47171,146.62002,122.50631,156.53577,36.24469,9.42475,89.16624,73.1626,175.64744,163.30423,92.96987,91.3227,2
14-0.png,118.16673,117.86112,83.42114,165.20253,127.57638,123.57016,173.86951,43.84106,4.74177,98.85793,58.13507,172.68866,168.57268,87.39164,83.78051,2
14.jpg,127.34942,110.7744,80.07425,151.98167,152.73861,123.99442,163.0163,37.30874,7.09721,76.21429,112.21545,149.28996,166.30893,124.03857,114.7585,2
15.jpg,122.32406,110.43015,79.18248,147.02359,141.79569,115.47592,166.34221,37.5673,5.23538,87.80131,93.24672,157.98253,167.57612,104.98972,94.69241,2
16-0.png,126.35827,105.769,82.01299,142.97126,145.33293,113.38274,162.39661,33.05572,4.89279,77.76347,90.89349,156.14435,156.25725,106.28271,95.19481,2
16.jpg,125.11504,110.95241,78.92363,151.92839,143.73727,122.47558,165.45493,35.92425,5.4168,84.69286,96.39345,157.67256,169.42245,111.83778,105.10807,2
17.jpg,106.3051,116.41725,83.79311,170.64794,128.43447,129.91214,173.727,39.92953,2.46582,96.73008,66.9583,166.01287,164.82777,80.77694,89.84655,2
18.jpg,125.74288,94.29573,86.51444,128.55359,138.23374,99.04886,172.12392,25.97733,5.18007,78.03675,100.69293,148.2359,151.41952,132.48402,114.28222,2
19.jpg,113.04972,112.0283,79.30394,149.25154,144.1135,115.26133,146.7573,40.28076,16.07917,84.44512,84.00772,169.54211,162.71921,91.03349,97.21363,2
2.jpg,128.7061,114.31013,81.05249,153.17089,143.71691,121.8343,166.50757,44.64368,10.84336,85.73103,78.53422,175.3083,153.2515,100.56713,108.79581,2
20-0.png,120.43284,105.70591,77.29033,137.57247,145.09797,90.27749,172.0698,32.51718,5.97963,74.95043,91.83335,164.93753,169.00278,124.95124,108.61695,2
20.jpg,123.23508,110.40837,82.72901,157.98551,145.99873,113.24644,157.49489,36.72224,9.47284,84.25058,97.52846,163.10401,172.45511,101.53578,104.66855,2
21.jpg,79.53851,108.98512,96.24955,172.46285,130.82261,136.26627,164.81186,37.60075,10.83052,98.24639,71.47347,151.81101,164.56038,96.82206,79.51929,2
22.jpg,123.5712,112.04687,85.42506,154.69012,138.73531,133.29457,167.02023,41.29712,13.81868,87.59578,79.75109,163.71703,152.26577,97.53916,108.78787,2
23-0.png,133.36563,99.52543,82.96819,139.25437,146.35836,94.07332,151.89017,40.14833,7.60602,52.98794,147.70046,112.38446,151.76592,58.77517,66.22338,2
23.jpg,129.42249,113.48388,89.10437,163.62071,140.01592,141.30675,171.78273,42.63786,8.59903,75.84142,100.12299,163.95796,153.13199,110.92971,112.8389,2
24-0.png,96.77531,132.80383,112.46409,157.53044,124.92814,155.78306,163.44673,144.21433,152.11937,92.87009,115.45081,176.3719,62.38255,81.41435,84.37154,2
24.jpg,124.18649,112.98308,83.15783,150.49786,144.87953,129.17129,161.49152,38.11055,7.1517,86.45124,94.12984,165.65273,167.56749,109.7092,104.3561,2
25.jpg,128.58409,118.0016,83.11355,156.68621,135.6563,117.35797,171.25299,46.65324,9.61321,88.50278,93.92724,147.75102,159.96704,113.30487,108.19639,2
3.jpg,120.94844,113.28787,98.94912,136.34293,119.85343,112.63167,163.3851,53.19819,9.99596,90.17642,81.85174,156.42668,156.06384,103.02395,99.32473,2
4.jpg,118.79988,113.30536,85.07844,133.56286,127.44763,111.72584,164.94971,43.48811,16.58455,92.13135,69.56891,172.36279,163.70432,83.42231,85.73053,2
5.jpg,135.3792,106.37411,87.53811,148.6123,148.9008,128.60995,168.78397,36.10262,9.29677,63.99898,115.37052,157.63847,164.6014,112.22563,106.70184,2
6-0.png,116.91395,117.17386,89.42679,154.0118,122.94965,112.61548,167.64963,44.11832,15.80782,89.34488,74.38386,162.03178,156.86153,95.27154,99.50922,2
6.jpg,133.58597,100.86639,84.26753,131.28727,135.82608,110.08371,178.39334,34.31941,3.22913,74.8664,98.44981,164.15161,162.60682,114.75917,109.75023,2
7.jpg,122.0124,111.75876,85.16915,159.39326,142.55543,112.97439,167.68092,39.65099,10.51253,79.95088,97.17308,156.84104,159.11597,96.25842,116.56651,2
8.jpg,124.9802,111.19454,84.72112,144.78046,133.7976,113.64941,168.96959,41.5188,11.86983,90.61054,84.70143,167.68934,162.12834,100.80624,104.49301,2
9.jpg,100.43154,106.6258,104.12453,161.66401,131.241,123.11187,164.37439,42.8165,10.74468,93.61354,87.04922,171.40499,165.42498,97.58926,107.875,2
mm.jpg,122.52997,115.98709,83.43384,153.14057,133.93658,120.10975,173.67761,41.44296,7.41664,91.06286,83.73657,156.79781,161.03833,100.05965,99.62324,2
nn.jpg,134.20857,103.1045,78.73226,141.94347,145.42136,103.38673,164.28931,34.18805,7.22813,68.62817,110.92336,161.41642,166.33944,128.21578,120.72067,2
00000002.jpg,89.16145,120.53814,144.17456,92.33232,122.39441,167.2553,143.02992,149.81629,139.92197,96.96543,89.00186,174.09625,171.08808,85.17421,80.63014,3
00000004.jpg,91.36943,124.22896,142.97225,86.31633,121.04457,168.40385,124.98934,146.70133,140.7798,95.12185,81.94762,164.94776,177.78907,81.74867,80.91681,3
00000005.jpg,84.84797,125.33363,144.57276,87.08732,118.82299,157.385,120.63047,141.13494,136.86724,97.87799,78.22037,162.37413,176.02198,80.95992,83.79729,3
00000006.jpg,111.10077,115.5761,142.30966,101.31552,117.65542,167.10059,133.78815,153.45123,137.26565,93.63173,79.6733,165.64874,175.48536,86.22596,87.20984,3
00000007.jpg,94.09122,118.28171,146.64098,93.98193,128.67483,167.58881,139.91072,145.18175,146.41643,104.0569,85.76818,167.29545,166.69199,85.14113,81.72109,3
00000008.jpg,95.46901,122.80703,131.27144,101.88825,123.54238,162.38591,135.47266,145.25774,144.40127,99.42422,72.82737,165.42268,175.35317,82.52991,89.32038,3
00000009.jpg,88.03762,119.43317,144.54907,86.48375,126.50793,166.41765,133.31823,149.22454,137.51093,91.78651,85.56444,160.40507,174.40688,92.90421,85.65007,3
00000010.png,89.19576,123.29365,133.99743,85.22848,115.25777,136.97279,131.61236,136.89129,138.90588,78.8908,86.32802,151.33289,170.9691,60.13148,54.09657,3
00000011.jpg,104.19568,110.421,141.05573,99.52289,128.52777,160.65995,121.44188,158.52736,144.5488,91.93613,85.62103,165.24867,178.75987,78.66593,76.6408,3
00000012.jpg,90.05297,121.53364,143.29235,87.058,124.18988,163.17351,127.0043,146.24736,139.41138,95.07166,79.66231,157.8618,176.2721,75.95943,79.9736,3
00000013.jpg,59.66442,107.05351,100.31324,156.67969,158.23036,146.39861,103.47863,138.44342,95.82731,99.75285,91.8913,174.03022,162.03369,74.601,74.31085,3
00000014.jpg,92.48878,122.36662,143.48966,86.20227,122.24384,164.42118,124.27796,148.10852,138.73697,93.4257,77.58553,159.83518,177.71788,78.34098,78.40806,3
00000016.jpg,100.9535,122.05928,143.13707,93.22129,125.20437,166.11751,131.20527,153.22736,138.76239,95.63094,79.99818,167.19521,176.93593,79.2378,78.14226,3
00000018.jpg,94.78872,116.49834,139.81337,92.81951,132.36936,162.79214,138.293,142.76129,152.68325,108.76214,81.48821,169.71811,167.9747,67.90233,78.45732,3
00000019.jpg,90.66791,121.30289,136.24162,95.16245,115.95742,156.47928,140.78353,144.88447,139.04609,97.21709,73.68184,160.49249,173.78908,70.95617,85.30741,3
00000020.jpg,87.06212,123.00101,143.58656,86.20147,120.39865,162.62115,124.12559,144.86342,139.22761,95.35292,79.56573,159.81736,179.3386,85.76179,88.3437,3
00000022.jpg,107.61425,115.75749,143.04147,101.44412,136.18542,162.58544,138.21225,152.0149,146.87164,99.0254,84.86102,167.8282,173.66288,86.6983,82.42057,3
00000024.jpg,97.29967,124.4834,132.7368,97.6409,123.95504,165.30339,141.34591,144.29999,143.24778,101.09945,70.09982,160.69153,173.34068,72.55565,82.11433,3
00000025.jpg,102.77473,114.68111,128.21162,112.39094,119.93799,147.02116,127.82344,156.34538,148.5535,104.75624,67.16367,167.24226,178.56227,69.01308,84.509,3
00000026.jpg,87.10243,120.6917,145.20994,81.50641,124.13532,162.90712,138.72238,145.31815,134.26635,102.80614,81.32346,162.02674,166.80521,86.64676,88.01864,3
00000027.jpg,94.86236,118.65486,147.76279,88.84467,129.90858,161.21018,127.32766,137.74966,150.07361,104.47503,81.95209,167.47835,169.17551,88.5078,98.93566,3
00000029.jpg,82.12121,122.2592,145.80421,84.71722,122.96165,166.68018,133.40913,143.48194,140.45058,95.86155,79.96203,161.27104,175.74745,91.59035,85.91172,3
00000031.jpg,95.10718,119.14715,122.36818,103.13316,111.91738,155.14098,119.11602,153.49866,150.86422,95.94234,71.65039,163.78509,173.2137,65.21152,73.59731,3
00000032.jpg,90.79599,126.4787,141.14097,93.13327,144.93514,163.85437,141.25806,134.94257,139.42167,94.20063,89.47957,160.52347,164.22491,74.60985,87.86342,3
00000033.jpg,108.76347,114.63642,140.31019,96.07397,134.05638,157.38113,124.03622,156.23118,145.73588,98.76819,81.3791,167.34327,177.57043,80.15915,80.85869,3
00000037.jpg,62.77242,136.72131,150.90575,73.85048,128.45859,152.73372,128.47691,129.24364,133.67711,113.44786,75.18088,172.1287,174.26689,94.74091,64.89164,3
00000039.jpg,50.2567,117.77174,130.53806,110.79843,129.54931,153.01855,137.64775,143.67503,143.27852,91.94157,85.53553,166.86293,177.2925,77.78147,78.49764,3
00000040.jpg,92.98064,118.23907,133.07964,92.42897,123.38421,156.34188,129.73482,148.80958,141.63239,93.4823,79.56297,162.69936,174.43799,77.17111,91.39563,3
00000043.jpg,102.77473,114.68111,128.21162,112.39094,119.93799,147.02116,127.82344,156.34538,148.5535,104.75624,67.16367,167.24226,178.56227,69.01308,84.509,3
00000044.jpg,82.12121,122.2592,145.80421,84.71722,122.96165,166.68018,133.40913,143.48194,140.45058,95.86155,79.96203,161.27104,175.74745,91.59035,85.91172,3
00000045.jpg,95.10718,119.14715,122.36818,103.13316,111.91738,155.14098,119.11602,153.49866,150.86422,95.94234,71.65039,163.78509,173.2137,65.21152,73.59731,3
00000046.jpg,108.76347,114.63642,140.31019,96.07397,134.05638,157.38113,124.03622,156.23118,145.73588,98.76819,81.3791,167.34327,177.57043,80.15915,80.85869,3
00000047.jpg,88.90658,117.0799,143.6139,90.67755,119.24091,167.94164,129.34665,151.06791,136.34042,92.59967,82.86438,160.80616,178.90019,80.2155,81.82028,3
00000048.jpg,86.67598,116.42592,130.47545,103.21678,124.5615,146.78145,120.0791,134.52989,131.87764,110.48249,74.85572,169.62909,169.80893,77.93508,98.19937,3
00000049.jpg,90.53508,119.31756,147.02792,92.14077,125.04049,159.46148,132.50752,146.52099,138.68058,96.11582,78.49754,161.4147,175.13712,80.33065,75.52458,3
00000050.jpg,84.78153,118.01413,146.61319,90.59098,126.30391,155.53484,124.97822,149.28458,136.8914,93.78458,85.76566,161.53393,175.87809,74.173,82.51178,3
00000052.jpg,141.38537,128.55912,119.4126,135.6045,156.03543,154.57764,148.74016,108.43826,157.23749,112.23364,85.1596,175.05695,173.08952,74.22004,69.25891,3
00000053.jpg,50.2567,117.77174,130.53806,110.79843,129.54931,153.01855,137.64775,143.67503,143.27852,91.94157,85.53553,166.86293,177.2925,77.78147,78.49764,3
00000054.jpg,92.98064,118.23907,133.07964,92.42897,123.38421,156.34188,129.73482,148.80958,141.63239,93.4823,79.56297,162.69936,174.43799,77.17111,91.39563,3
00000061.jpg,95.98608,114.74129,141.58751,96.8687,124.62295,163.21612,125.25812,155.41638,143.87447,103.32332,75.24878,155.12266,155.95818,95.18641,97.7054,3
00000068.jpg,91.20797,115.68351,144.95509,95.01878,122.19945,169.05579,140.96752,142.87487,150.40556,105.70515,76.75738,166.60037,169.75331,70.00122,77.58231,3
00000077.jpg,98.7494,104.47452,133.16267,110.73304,120.52012,160.80962,131.4272,160.62562,150.90071,96.06942,75.83908,169.41553,177.67124,75.12703,80.1955,3
00000083.jpg,88.90658,117.0799,143.6139,90.67755,119.24091,167.94164,129.34665,151.06791,136.34042,92.59967,82.86438,160.80616,178.90019,80.2155,81.82028,3
00000084.jpg,95.69446,115.51427,149.50555,94.97107,123.53695,169.51074,131.81386,151.22702,137.67264,96.92777,85.77816,165.92813,175.61085,74.90936,77.94609,3
00000085.jpg,102.9317,113.93228,134.60213,108.20728,122.36724,158.20393,126.11073,162.44375,139.09266,94.04135,75.68393,164.52702,170.53124,63.95886,69.84144,3
00000097.jpg,81.4938,121.02772,134.88249,95.41756,116.75019,166.92385,144.12854,148.53568,144.19772,103.71964,77.81653,136.99667,135.10278,95.19805,95.74025,3
00000130.jpg,81.4938,121.02772,134.88249,95.41756,116.75019,166.92385,144.12854,148.53568,144.19772,103.71964,77.81653,136.99667,135.10278,95.19805,95.74025,3
00000177.jpg,102.20799,141.15945,147.00666,117.55578,156.89421,130.73996,148.73856,96.19791,124.61238,149.14472,161.34798,147.55533,161.117,91.41391,53.53612,3
00000245.png,94.15191,110.89569,125.23154,117.8088,128.3785,144.10495,113.12911,154.71511,148.92335,100.8866,88.58206,136.16933,130.63068,159.936,107.58884,3
00000263.jpg,70.55464,125.94879,140.67239,90.22807,117.50962,178.56918,169.27996,140.63474,139.22818,106.8823,73.95474,172.14722,174.07644,77.404,85.36256,3
00000284.jpg,77.09285,122.4069,130.71722,85.53907,123.23958,149.58758,131.27551,143.26974,132.95067,85.40104,86.71181,161.65829,172.1339,88.46359,89.43785,3
00000356.jpg,60.05242,119.95781,137.31296,95.49844,117.95278,152.39929,126.56963,139.80084,129.43736,96.33821,81.28237,157.14088,163.38416,92.83226,100.02252,3
00000392.jpg,78.90585,130.96581,146.89489,73.89766,122.93858,172.76431,150.82657,130.13706,145.13908,116.73803,74.68316,165.41988,160.58077,89.10307,74.47421,3
00000393.jpg,90.26546,124.76114,148.59103,85.32505,113.87746,161.5023,125.43242,148.13157,131.39951,94.152,77.29041,154.84107,175.73731,75.76409,75.62306,3
00000406.jpg,94.49136,120.66413,136.95603,88.62262,120.89205,152.25663,134.97826,146.43546,141.8556,93.4254,81.69483,159.30521,178.09143,70.14332,82.06898,3
00000408.jpg,97.24403,117.52518,142.9041,92.86629,121.36742,163.12754,116.24968,152.12618,141.34263,97.16517,80.6293,165.35506,178.46501,78.49245,79.11212,3
00000409.jpg,81.75824,109.35261,140.82238,110.17008,128.05368,161.69094,129.68429,148.50812,153.90458,98.75751,81.94017,166.0626,169.94373,87.23246,85.15689,3
00000414.jpg,109.9983,115.87126,127.57883,104.70378,123.77437,161.00988,129.4841,150.51435,156.67615,107.37272,70.03775,166.76896,178.43386,84.31852,97.66807,3
00000416.jpg,67.92253,121.62067,134.07598,99.85975,125.36208,166.28879,130.05883,146.89586,136.81832,91.85599,78.23007,163.57237,171.21541,79.4115,80.20397,3
00000417.jpg,93.66782,121.89235,133.94181,95.55362,122.20433,164.70676,136.60935,148.18802,141.8818,92.7104,83.37514,160.2534,174.17054,70.63114,81.79694,3
00000003.jpg,72.23679,170.57247,140.72321,94.24225,109.49527,152.81287,137.13563,87.44538,80.17554,126.51906,156.53385,109.94793,97.3488,65.14426,72.13291,4
00000004.jpg,86.04403,163.17461,141.09235,112.44806,109.9331,155.48239,146.7488,88.84942,82.8521,121.04878,140.36668,115.37694,109.22486,72.01512,76.49938,4
00000006.png,148.54505,126.50574,148.15967,141.57321,123.86757,153.40826,165.48394,141.16639,130.63356,121.95733,162.48117,127.05639,104.0238,92.66765,92.7812,4
00000008.jpg,106.38166,163.3646,139.1759,115.20353,129.14443,167.24321,167.26686,104.7644,117.18726,114.80768,117.28576,57.14092,54.82131,114.63758,104.41193,4
00000009.jpg,142.5679,145.94134,143.58586,128.04716,130.68069,161.33581,162.8195,121.01443,124.91614,108.48658,112.34841,78.31765,58.67357,97.1231,102.08407,4
00000011.jpg,125.95686,138.23185,130.5059,123.18215,121.70214,160.43537,156.16288,118.87193,119.90324,117.26236,131.53296,65.13842,52.2685,96.89842,106.8448,4
00000013.jpg,79.88299,89.12196,92.5356,117.77773,116.74586,140.67809,138.38572,43.18243,41.03341,112.76681,125.03696,63.07664,62.03106,105.53676,98.14591,4
00000018.jpg,69.84684,101.88074,98.74387,176.80249,175.82722,165.78602,169.2424,156.277,147.53817,93.95309,121.15432,46.39438,44.57863,104.56271,109.40276,4
00000023.jpg,112.65753,133.72325,129.79278,118.68553,113.98791,148.00988,152.90551,111.86548,111.46745,112.4587,113.73034,51.14275,48.31827,115.83279,106.627,4
00000024.jpg,75.07815,95.38878,91.72586,112.83858,110.15687,141.63411,137.49471,37.27959,32.81646,101.6319,129.34288,60.77675,63.41643,105.99,102.71737,4
00000027.jpg,106.60602,154.25548,146.10581,102.76416,89.43163,164.47412,159.42071,77.15984,73.40289,147.40081,133.99915,110.73421,113.25264,47.65039,45.0242,4
00000028.jpg,85.94788,126.34842,122.65922,124.60398,123.97361,133.15153,135.83697,80.0517,76.63085,115.88164,112.39014,53.51155,56.24628,105.30079,112.02995,4
00000029.jpg,105.0784,149.89572,136.93311,111.79239,141.27649,151.17451,170.73132,95.22166,104.92247,99.24205,119.75547,85.62439,79.96237,102.31611,103.537,4
00000030.jpg,136.0809,174.45726,167.85927,136.85456,165.41526,165.08383,140.84268,86.19283,97.61409,116.55901,146.63676,62.14877,57.8061,99.24418,104.0242,4
00000031.jpg,99.81179,126.02508,102.74301,123.84903,151.13208,148.31031,124.1219,32.37762,31.79506,107.48234,136.52554,49.29904,45.33423,91.86694,99.06461,4
00000036.jpg,126.11066,128.0465,124.48007,130.83884,132.13872,145.92709,141.71653,129.83515,131.30418,123.07634,121.46547,46.71958,40.25397,115.11521,109.38318,4
00000040.jpg,108.43012,148.64435,113.88774,109.43287,123.81922,159.04196,147.12907,102.67325,113.13762,129.64661,125.75532,49.48885,62.1471,100.86741,103.5688,4
00000041.jpg,137.45074,115.13068,120.37205,156.59223,153.5852,165.20867,167.10088,135.56035,152.72245,147.39443,126.50718,63.77649,51.03923,82.41682,86.08699,4
00000042.jpg,76.36914,168.32493,166.92769,108.13774,111.93765,158.49843,143.40838,94.76522,92.98992,126.85945,138.0795,119.27165,124.44325,45.16275,51.34355,4
00000045.jpg,75.68715,152.59921,148.57301,106.10793,108.17918,169.931,169.01975,83.09679,78.07672,100.87768,133.07733,61.7236,61.97505,97.13283,96.66261,4
00000046.jpg,139.35553,145.79325,137.22531,119.40461,129.78768,154.17205,160.76094,125.90169,134.18155,131.73679,128.12723,83.72144,65.35926,105.22869,95.70167,4
00000053.png,132.52757,137.54192,144.34495,127.6843,142.53006,159.25985,145.60575,123.91631,133.87686,129.39954,132.34628,87.09729,74.92276,95.16711,92.05569,4
00000054.jpg,73.29358,116.81056,89.34184,109.01888,114.97988,134.67839,127.32801,28.07226,25.00266,125.9864,116.35792,52.71733,53.30842,112.40021,108.57555,4
00000058.jpg,105.17704,116.17548,110.62486,96.95881,100.94884,115.62678,94.64476,55.52758,55.62891,155.67744,129.40213,60.90686,53.17853,94.53501,94.27432,4
00000059.jpg,142.5679,145.94134,143.58586,128.04716,130.68069,161.33581,162.8195,121.01443,124.91614,108.48658,112.34841,78.31765,58.67357,97.1231,102.08407,4
00000067.jpg,85.20141,111.71471,99.68767,107.98716,110.42951,110.18166,100.74741,69.19692,62.26672,124.51634,128.65254,63.13191,63.24417,103.86823,104.11866,4
00000068.jpg,79.13199,108.99431,102.59955,110.99884,122.83462,97.51391,80.05162,74.89261,72.52268,121.50062,130.48273,62.61638,53.70399,105.36898,97.20583,4
00000073.jpg,115.70374,162.91742,157.47239,107.66216,122.39555,170.87258,175.36279,83.7703,97.28883,131.14699,133.56164,79.09957,68.40774,87.80755,91.49636,4
00000082.jpg,89.90348,102.98927,130.98377,93.72342,129.56725,143.60064,148.64135,151.82526,167.65662,99.58423,130.80898,76.33706,125.59214,82.22422,79.50376,4
00000084.jpg,85.20141,111.71471,99.68767,107.98716,110.42951,110.18166,100.74741,69.19692,62.26672,124.51634,128.65254,63.13191,63.24417,103.86823,104.11866,4
00000085.jpg,73.65414,115.84356,91.18312,97.37989,106.05647,131.06517,118.35676,21.83887,20.15443,125.61705,118.76565,53.21051,55.13224,107.98551,107.48733,4
00000096.jpg,79.53609,113.58788,98.73088,96.14177,99.93411,113.00294,97.18622,32.80251,30.24563,124.28147,113.75548,56.97966,57.6301,108.02925,106.91956,4
00000105.jpg,66.60106,106.04714,96.04616,129.68315,135.08858,121.79236,113.91575,40.2348,36.51213,98.82928,129.05904,62.30614,66.71926,102.67604,98.95516,4
00000108.jpg,60.47396,99.75091,105.80909,117.42332,135.74599,161.37708,161.10686,22.83611,13.22546,68.78128,136.69375,64.34031,63.19562,90.69705,87.34568,4
00000129.jpg,74.16449,89.04833,93.65575,126.69792,121.39519,138.24166,139.68339,41.02677,37.34777,110.45007,129.30072,62.88638,59.90307,110.22607,88.91069,4
00000172.jpg,75.74515,93.83821,93.26256,112.13334,110.35125,141.6835,137.65082,35.57121,32.36931,101.50847,130.87818,61.05224,64.21879,104.22158,100.86187,4
00000205.jpg,72.69621,102.14793,93.99346,123.99266,129.37907,139.14003,131.96692,43.3137,39.53082,104.99255,126.05251,56.82834,54.69418,106.00328,103.73151,4
00000207.jpg,83.9775,108.47436,94.80188,87.59105,100.25761,123.94967,115.26032,31.81594,27.82253,113.44703,125.43619,52.6921,48.73163,107.30329,105.66769,4
00000237.jpg,78.99977,114.48632,96.79392,97.12851,100.68559,123.79679,104.84174,36.35412,30.95873,122.80547,125.64226,52.76846,53.6944,100.70251,99.64543,4
00000239.jpg,59.64982,105.69703,95.02922,110.21671,118.08608,122.40058,112.76813,30.50833,29.24639,102.47024,122.73131,53.31483,60.0533,94.5992,92.31534,4
00000274.jpg,98.90071,94.27026,90.60331,98.00334,139.38209,151.31097,137.99915,173.15594,158.92761,122.97705,131.00106,60.82116,58.936,78.07866,93.22284,4
00000292.jpg,79.64458,98.97496,88.69576,133.2384,130.30277,164.92738,165.61064,39.06594,34.08558,108.48924,114.69868,63.11077,62.78546,101.54289,110.04193,4
00000302.jpg,78.23405,107.83818,104.99275,109.63343,119.36053,97.0794,78.60258,69.42191,69.37532,124.21277,129.10648,68.1976,54.61898,94.4649,98.63662,4
00000401.jpg,147.84587,161.76952,156.12164,138.75169,138.02828,112.20412,143.66462,109.9375,107.65754,104.57272,141.96515,150.58252,111.74721,56.38383,47.86653,4
00.jpg,113.71977,94.40942,129.66341,120.15509,140.57685,175.55096,148.39738,164.71973,152.68963,91.74311,124.34742,170.85784,154.69217,100.70815,82.41036,5
1.jpg,162.80998,101.70737,121.6241,158.78415,159.66769,157.29767,142.5288,130.80073,152.38277,121.50147,65.8898,119.74306,75.17652,4.81809,20.07105,5
1.webp,117.43989,109.71527,120.50935,119.38752,128.61451,170.91665,151.24325,166.96676,169.43195,100.06082,104.58894,162.12357,172.45769,93.61509,48.11561,5
10.jpg,137.39984,97.8881,123.97674,131.56322,170.52543,171.45322,151.38923,129.12879,160.91069,110.11775,106.73481,167.33431,169.7712,81.82404,88.07722,5
11.jpg,141.31357,109.17602,112.86115,122.27001,153.00591,168.54137,149.76614,159.01058,172.17111,127.56533,107.60394,170.40116,132.41288,119.78179,112.34219,5
12.jpg,150.89248,128.96743,107.93538,149.6843,114.84271,155.7797,172.48611,153.26891,171.09456,129.17153,92.87262,139.79219,171.25245,68.75473,86.12009,5
13.jpg,138.8156,90.3635,125.65756,134.77746,168.9788,165.80833,149.93687,155.44672,173.80681,120.11712,86.06948,160.869,160.78445,76.29141,101.30188,5
15.jpg,126.6189,112.70051,126.53023,116.42542,145.66171,165.56373,157.22514,161.72225,166.56087,97.38656,103.01905,166.51504,147.74499,98.72188,76.88682,5
16.jpg,137.70301,125.15817,107.32657,160.19752,109.59876,145.68599,176.7136,157.85125,157.93194,84.08001,96.60829,169.40142,168.14623,106.51859,54.40068,5
17.jpg,162.57555,125.26389,117.55211,150.31853,112.27192,171.0849,171.66313,170.66947,146.60295,103.9549,108.77683,121.27853,163.82163,81.82008,110.92432,5
19.jpg,130.33347,122.87926,113.54291,161.71583,110.85609,154.89168,170.53425,173.64864,151.20475,76.54775,110.77158,178.18127,156.77207,110.92663,69.56849,5
2.png,126.6189,112.70051,126.53023,116.42542,145.66171,165.56373,157.22514,161.72225,166.56087,97.38656,103.01905,166.51504,147.74499,98.72188,76.88682,5
20.jpg,151.35756,124.17389,109.05758,148.43336,112.01406,141.89622,161.55344,159.5578,165.98973,122.59861,113.81468,129.30247,170.25398,75.83681,108.18489,5
22.jpg,178.81766,117.13213,95.36856,173.60764,137.51931,162.46934,170.2757,155.60179,135.08663,126.95965,115.25215,131.88464,173.28993,88.02166,67.23396,5
222.jpg,169.31668,114.96246,110.18258,153.24097,146.97509,173.548,174.64428,167.25773,132.66163,110.20689,113.89627,126.65928,156.39566,94.98182,110.29884,5
3.jpg,93.02181,108.32709,103.88983,163.09218,133.29116,149.68116,148.9034,160.84808,145.63683,129.11704,124.12402,159.00161,167.42059,65.71335,94.38719,5
33.jpg,139.595,97.79883,119.78248,114.15561,161.93912,164.25974,155.13727,147.95582,156.21542,142.20048,130.10466,175.47576,162.90801,87.55362,62.40603,5
4.jpg,150.67589,143.6319,97.85779,168.80641,113.61137,159.35104,168.35092,165.40473,157.15532,133.91122,75.54432,132.56439,148.82588,49.46811,104.68537,5
40.webp,133.38815,125.14691,107.3303,154.3636,117.68662,160.08287,172.98342,164.84427,162.69154,76.0737,104.14808,161.90442,165.53275,96.43662,75.54502,5
42.jpg,148.07791,85.39792,100.0234,142.44007,124.58233,169.37521,105.34509,160.33576,167.90476,88.67441,124.93392,112.86859,138.61113,42.63435,95.27551,5
43.jpg,140.79551,116.96076,101.93256,163.23296,118.52134,133.33448,166.7807,170.58212,154.49727,77.89951,98.32538,165.06589,155.77051,105.4143,105.73562,5
47-0.png,140.80762,123.399,97.22107,162.1622,121.62177,143.53223,167.32539,155.83359,168.38895,86.65187,97.07435,161.10437,138.60998,94.45573,56.2563,5
49.jpg,157.46622,91.25333,123.17448,136.94129,158.66335,154.86474,130.44364,157.55948,171.62848,97.74068,89.62261,160.89181,175.34944,52.92073,103.94839,5
5.jpg,177.04238,127.52285,111.973,150.6893,117.00672,160.37088,176.96117,170.03255,149.43782,104.15085,119.22774,124.25423,172.27351,111.46332,112.98856,5
6.jpg,133.08178,121.27168,109.04047,166.53514,113.15274,150.19182,169.02035,176.07871,153.09958,81.25005,118.61902,170.1819,155.00119,92.59812,33.56914,5
6.png,151.82895,124.77359,97.84386,144.86945,124.53039,151.71328,165.93729,171.12491,157.24668,104.99629,121.78707,150.559,160.50885,66.94179,75.90909,5
7.jpg,123.52923,128.39225,84.29988,144.19904,143.54589,148.97921,166.66492,168.5882,174.27736,123.31789,91.15736,142.98124,155.08082,81.47682,92.49296,5
8.jpg,153.5791,113.97636,103.78854,150.77636,114.196,127.7563,168.33024,160.2866,156.14347,113.60622,128.65491,148.41655,169.8166,76.85396,70.40773,5
9.jpg,133.38815,125.14691,107.3303,154.3636,117.68662,160.08287,172.98342,164.84427,162.69154,76.0737,104.14808,161.90442,165.53275,96.43662,75.54502,5
9.png,112.48111,126.45012,114.19375,149.28094,102.15688,151.1138,175.3195,167.2459,153.6185,76.20199,90.38181,168.49482,143.29215,91.92549,80.61511,5
fg.webp,148.58058,115.51222,99.47394,127.73186,123.58323,129.87597,162.87166,164.79498,160.80023,111.38312,80.85697,122.02232,157.52764,55.69091,82.13238,5
gj.jpg,132.96409,74.92258,129.40189,153.86031,142.00703,168.3415,141.12342,156.33518,166.38074,97.79834,129.22861,153.08232,73.68572,70.31565,102.6572,5
mmm.jpeg,134.24856,153.29118,134.90085,173.64777,150.27212,169.37259,156.03042,95.01423,169.91068,85.92585,99.01294,156.67073,138.6646,80.97817,50.59291,5
00000000.jpg,145.1672,90.89251,112.13708,138.6082,154.69639,139.96205,97.58082,70.05105,92.32689,107.39613,76.71711,162.82747,166.99298,103.84393,107.67955,6
00000001.jpg,157.74837,103.38176,106.82699,136.71937,176.62657,135.04478,111.12627,63.44313,91.6405,138.52377,50.12123,170.0301,172.53903,101.29268,117.68671,6
00000004.JPG,123.96086,102.87908,111.74704,127.45473,155.13549,140.61839,105.71861,58.62619,86.38853,110.93444,68.80008,164.18535,165.82988,108.23775,105.15084,6
00000005.jpg,151.85715,90.65023,113.95009,135.29062,152.96738,125.10434,102.04659,91.89733,99.71269,98.33754,81.45256,166.81739,174.97654,95.46567,89.11318,6
00000006.JPG,155.63844,91.81234,102.9941,147.63877,159.6896,107.34117,78.37052,69.5347,77.19013,91.09526,80.99993,160.98423,176.12567,95.38196,101.99284,6
00000008.jpg,150.95066,92.34623,104.21594,131.72555,143.55996,134.45245,74.89941,66.80543,78.6097,107.87272,76.89117,160.9902,165.94234,110.42413,111.2539,6
00000010.jpg,129.22291,99.91255,103.96537,145.95236,160.74322,120.04082,100.94647,82.65371,84.08444,87.69457,86.10405,165.31454,176.44405,102.5679,99.58931,6
00000011.jpg,132.31667,97.96536,112.78669,142.74063,159.39657,123.33977,109.13421,84.12748,82.67459,85.91761,98.00978,173.01703,168.64632,91.69966,88.03912,6
00000012.jpg,159.6686,90.80487,106.60397,147.66528,168.77167,126.86564,106.10163,67.99563,73.64061,87.71674,90.91762,164.30203,166.83948,96.1046,99.66438,6
00000013.jpg,158.75113,90.51462,110.01708,147.09506,167.56433,119.72311,95.13099,76.13444,84.43938,92.35287,90.15068,164.9416,171.41433,89.94551,88.67818,6
00000014.jpg,132.49999,101.53379,103.02178,141.39102,163.60507,132.17229,101.85928,59.77359,74.45305,99.17821,91.54754,167.0388,165.34871,96.96323,93.08788,6
00000016.jpg,165.60974,88.55165,82.37382,130.91802,127.80501,131.48616,63.73865,59.60546,56.37088,95.84119,87.57237,156.54064,164.45111,98.72998,90.65456,6
00000018.jpg,130.06438,101.00039,106.48714,143.42274,161.34284,131.52523,106.18375,76.82232,83.68132,99.70462,90.14392,167.68823,171.02679,90.93167,92.55795,6
00000021.jpg,165.23668,103.14369,85.3977,85.1263,91.82945,139.73775,58.06388,94.90058,87.78697,127.9134,77.14714,170.78094,173.56846,109.6597,102.34899,6
00000022.jpg,146.70604,87.296,104.86657,141.74843,155.77014,124.19775,72.09206,78.61711,83.3101,89.86742,85.32242,161.33478,167.84717,102.72345,103.46443,6
00000024.jpg,154.51343,105.93921,85.90348,114.86466,136.50546,130.05304,65.01855,65.57711,55.2723,96.25818,84.34304,161.08972,168.00748,101.43912,110.65951,6
00000025.jpg,146.17787,94.02499,97.29254,146.8736,164.86083,120.98841,82.15852,63.0089,68.13664,86.24848,86.25122,161.22384,167.16293,98.92811,100.44447,6
00000030.jpg,130.73011,96.82014,102.11299,149.19481,167.42163,127.93387,108.0583,60.878,69.36202,90.56115,90.56927,160.94191,164.82658,99.99953,98.24465,6
00000032.jpg,137.92384,98.54614,117.7284,136.5799,163.56865,136.2738,109.4563,50.42208,92.56538,133.55246,46.14908,162.29475,166.50769,120.01965,128.51924,6
00000034.jpg,131.91977,94.75737,110.67152,132.73809,153.36332,127.43462,84.57939,71.96065,78.05474,94.23023,86.19619,163.4696,166.13047,91.52579,94.54009,6
00000036.jpg,143.60187,87.06691,107.88035,141.17752,158.09821,125.91203,84.50605,58.06599,67.42794,90.42004,92.20201,164.66096,162.20603,93.52938,91.12116,6
00000039.jpg,145.40561,95.88502,111.34804,137.91665,155.33014,131.79557,106.46927,53.75368,79.81054,116.18931,63.60193,163.01589,170.70586,107.40726,98.90118,6
00000042.jpg,162.79545,96.60203,105.20451,129.8096,159.30838,135.46047,81.2383,61.89969,80.94731,119.85446,60.16153,164.13387,168.85175,113.20777,107.32793,6
00000047.jpg,146.17787,94.02499,97.29254,146.8736,164.86083,120.98841,82.15852,63.0089,68.13664,86.24848,86.25122,161.22384,167.16293,98.92811,100.44447,6
00000052.jpg,137.92384,98.54614,117.7284,136.5799,163.56865,136.2738,109.4563,50.42208,92.56538,133.55246,46.14908,162.29475,166.50769,120.01965,128.51924,6
00000053.jpg,131.16541,97.88552,90.30523,135.73491,150.52444,113.52348,70.23051,62.13755,56.27622,92.0629,79.57152,158.82563,174.95928,94.28736,99.31227,6
00000060.jpg,142.27039,93.65351,117.04358,133.83169,152.78813,122.13105,94.2388,87.69364,96.8903,102.16995,79.48963,166.78268,175.00872,98.78042,93.28933,6
00000062.jpg,145.88903,101.836,90.64237,85.80703,86.42722,155.92685,84.83537,81.629,76.2394,96.91019,73.22643,159.87572,171.03937,112.13123,114.46434,6
00000063.jpg,131.70711,89.67746,113.40725,137.75214,155.80598,132.64325,90.04887,66.71312,74.95682,87.39093,92.61699,163.44354,158.76659,94.97363,98.44894,6
00000069.jpg,166.2041,88.29025,95.17048,134.29686,143.33635,128.46202,77.42461,59.80976,64.23793,92.35542,85.0681,160.6677,170.66304,90.67615,98.79512,6
00000087.jpg,141.30824,106.24247,102.40596,140.50584,169.98427,130.3919,112.29302,61.12226,90.97247,121.82104,74.67344,165.06551,155.0179,108.26042,98.8564,6
00000091.jpg,153.58636,99.90563,91.69779,114.09121,122.67285,130.5283,54.62423,66.9159,68.53795,118.7991,60.28389,165.66788,171.54115,94.63865,99.01762,6
00000093.jpg,159.36479,87.91399,111.69256,102.46867,103.80493,166.44763,128.97815,98.85068,103.81716,90.20341,79.48622,162.93319,175.74243,103.56835,105.3406,6
00000094.jpg,143.73633,98.03007,111.05856,131.77693,159.47188,139.02186,103.09092,70.21783,82.30506,100.56627,78.72942,160.00522,163.23245,107.79261,104.10552,6
00000097.jpg,135.7593,85.85646,113.52059,138.33404,155.75368,125.71731,89.64456,63.13493,78.03871,100.03747,84.74365,161.29683,161.01292,102.53974,83.20512,6
a.jpg,131.98439,97.0164,118.52409,130.46867,149.29364,138.64163,106.35265,93.46933,98.72256,95.21685,85.60173,163.05598,170.74556,98.19828,88.69357,6
b.jpg,145.76221,94.87603,110.47579,138.52752,161.4275,126.67104,98.07159,62.13342,67.32536,91.29513,85.70896,157.01166,162.24929,102.58984,108.62108,6
g.jpg,145.25324,91.53905,111.51814,147.99897,165.99716,117.57632,100.94294,66.73886,75.6273,93.58997,88.70698,161.44322,166.30019,107.17242,102.40876,6
h.jpg,140.96059,95.84695,99.65917,143.63431,166.05879,124.96644,94.2855,68.51296,67.82435,85.95465,87.91,159.84084,170.86024,89.53292,91.70988,6
images.jpg,151.10251,87.18856,110.05975,145.6447,163.70614,127.33317,102.73364,60.92902,73.97335,89.73648,98.06195,162.8241,158.88987,94.66343,95.38352,6
w644.jpg,140.87516,95.52351,87.28627,111.64957,93.84114,118.39257,111.05963,118.70684,123.61903,109.12748,112.07312,155.96482,168.12087,109.49737,91.59031,6
gh.jpg,139.59615,117.82094,114.95435,164.6811,156.03157,127.28303,104.42204,79.13379,84.0003,91.53371,80.31435,169.57787,154.49818,69.3999,63.69701,7
h.jpg,129.1595,111.44452,96.53782,172.67441,161.0627,139.24877,128.04331,85.41737,83.03622,92.89455,81.36462,168.78972,157.05316,79.00814,80.09912,7
ii.jpg,146.18681,130.36713,110.29322,177.10998,148.62399,138.60258,127.49066,85.98865,78.207,85.92261,89.73912,165.48787,145.44006,88.73762,95.77444,7
jj.jpg,168.39455,97.03985,112.8112,175.62431,151.3483,109.23101,116.82242,67.04209,67.22601,78.69289,89.24266,163.39048,142.94886,93.7454,98.20155,7
kk.jpg,150.37604,98.33629,100.97934,176.37636,154.9177,132.0059,133.18956,61.77148,59.34284,88.24817,86.11135,165.84539,156.06913,92.5774,90.22112,7
ll.jpg,118.37137,119.4411,90.91392,160.87934,150.44873,108.20133,136.39395,73.6146,59.63859,78.09153,94.92949,166.41873,153.27992,84.14494,91.37548,7
m.webp,137.25602,104.641,96.95704,176.02911,159.69318,155.18859,138.20351,83.01672,79.37731,92.01981,79.27794,169.44563,161.10845,74.00031,67.99231,7
mm.jpg,130.79884,123.09435,110.85139,168.4892,156.00389,118.32645,116.39039,82.95861,73.23314,88.93052,79.78105,165.28163,152.38166,76.69962,70.69195,7
n.jpg,144.78937,106.38637,92.33554,177.63862,159.0378,140.28004,111.6981,70.58377,68.27079,87.88558,82.79715,170.2845,155.19674,76.93103,74.81464,7
nn.webp,116.64937,117.20293,94.70236,168.37031,142.19651,98.38588,136.83025,69.18166,62.20701,86.81886,79.26092,175.33461,158.20621,88.85989,93.74917,7
oo.jpg,147.84591,140.03242,122.14877,174.78758,162.9753,153.23023,108.82685,88.60458,84.23217,81.06518,88.62109,168.90394,150.97633,81.64099,86.56118,7
Purvottanasana.jpg,141.35709,103.03528,104.33085,173.55653,148.47346,113.01928,110.32236,60.9515,71.34651,90.63977,77.23268,176.67197,158.42766,82.20846,63.57523,7
q.jpg,137.35562,122.57303,100.76225,174.73565,149.00158,131.81848,124.57252,81.24795,73.6268,87.97641,89.56349,160.77894,155.46499,76.72626,75.22816,7
q2.png,136.69936,110.20295,104.71101,167.03556,156.09481,102.33872,116.72452,71.08599,68.55666,85.59169,87.90886,165.10858,154.6198,89.06997,88.0402,7
qqq.jpg,142.88858,126.00181,118.72645,168.02324,170.21733,152.56681,80.47982,96.69619,91.39679,86.50688,88.94639,164.70124,154.00196,85.92914,81.18228,7
qw.jpg,129.16791,139.3823,132.29294,169.37802,87.60476,79.2966,73.24479,92.79654,94.83406,85.90166,81.47314,163.75048,175.23443,62.70531,70.94108,7
qwe.jpg,146.59985,118.59615,86.98187,169.75016,159.92067,135.97186,136.48633,79.87013,73.75845,93.47601,80.56388,163.22085,152.78718,82.00734,76.2517,7
sa.webp,137.06853,123.05021,96.41074,166.89929,153.14628,134.8069,121.4021,93.09165,84.66667,95.24412,81.83907,162.11315,156.08398,73.00962,67.88024,7
saa.jpg,148.62381,109.66987,82.3788,176.83623,160.80521,151.85996,140.56297,61.7753,51.85302,85.10987,83.06987,169.57486,154.44294,78.83583,78.87335,7
sc.jpeg,153.85621,109.71973,94.49585,172.18939,163.78811,138.83255,140.70434,68.51925,65.69805,90.93539,81.7878,163.1884,150.89836,88.39869,78.66101,7
ss.webp,141.10405,120.93058,98.1387,171.30288,157.21996,147.97101,144.72905,77.63767,70.97566,92.24008,81.12568,163.19609,152.00674,83.40115,73.29984,7
t.jpg,146.89751,115.57475,107.08258,171.92382,156.41203,145.04303,129.52006,87.52866,78.96043,87.0699,87.21262,165.13932,154.85992,85.52447,76.53419,7
u.jpg,146.65225,134.46649,113.75116,160.48004,164.09904,145.47467,113.01984,89.79823,80.83919,86.23366,86.95364,162.67433,156.07138,86.45905,82.86937,7
uu.webp,104.22463,81.27681,93.04277,166.645,152.1024,114.9015,128.43372,79.48433,74.65123,96.81438,82.14917,159.62669,154.50045,69.06374,61.80606,7
uuu.jpg,149.98654,114.22798,88.9774,177.97182,163.27,139.3648,148.78442,82.21924,74.68415,88.323,83.87211,158.39713,146.28545,77.96726,75.09037,7
v.jpg,118.78669,101.91024,104.59818,176.04677,166.58801,100.06553,85.32383,51.72299,62.16349,90.86997,77.39678,163.77212,157.82764,87.38071,91.86764,7
vv.jpg,154.85402,139.45554,107.54749,167.41377,170.03952,155.71353,121.81679,89.14987,78.37754,81.5384,91.80375,163.48144,153.36979,92.24923,81.90691,7
w.jpg,149.61249,130.07141,116.42246,170.53227,142.91451,166.33298,116.71424,91.15701,83.98701,91.20864,82.0536,165.5985,153.64309,82.65137,101.48669,7
ww.jpg,126.95503,129.12862,120.48145,167.5942,147.6598,129.35516,108.93599,78.12817,81.86343,85.91958,83.23879,163.10481,146.1963,83.43871,90.80299,7
x.webp,147.74016,129.31744,126.45716,167.14604,143.5262,152.55037,102.86838,83.27958,84.74394,86.59663,86.1023,164.66275,150.852,79.651,74.75065,7
xs.jpg,133.89295,148.3416,126.89951,171.1448,171.38369,168.25937,124.42461,94.79235,93.34757,85.36849,96.37207,153.64263,144.0622,91.77868,104.678,7
y.jpg,141.1816,131.64679,127.70082,178.06799,147.48041,136.70534,79.82542,80.15852,85.20829,91.16704,80.65806,162.09599,152.29205,79.9843,77.54551,7
z.jpg,154.29406,106.42323,117.68909,171.99551,148.38264,107.00184,87.63351,66.1305,76.0258,89.69867,80.00988,168.33362,151.66416,79.72139,77.01238,7
zd.jpg,142.76228,112.11324,110.31397,169.85865,154.41884,124.34703,118.57273,74.44113,72.06339,83.062,83.90462,166.91763,151.64211,82.93324,79.36881,7
zs.jpg,148.0565,114.01872,113.6442,138.0128,162.13364,111.62399,83.13521,91.37659,79.71107,87.85736,82.20342,171.68891,157.30856,69.95404,57.92568,7
100.webp,85.80087,137.35558,140.58191,77.21994,132.48491,91.70804,145.38568,120.39945,145.17385,118.01065,90.31537,167.88328,139.78969,71.61592,104.45722,8
103.jpg,137.55029,116.38172,146.99253,88.67534,142.33368,172.60946,141.87737,161.02453,145.46498,108.59419,78.07041,159.00116,168.30196,91.48075,85.05737,8
104.webp,118.60846,111.49511,149.5968,96.57784,155.68908,177.45362,166.96721,140.99525,162.65186,116.91235,104.83689,160.75608,146.25939,94.17857,84.29936,8
18.png,152.55434,133.06104,134.53375,91.09573,160.81204,160.00799,167.41646,120.99162,125.31458,105.84003,122.95624,165.84701,104.85491,50.03548,92.4277,8
2.png,93.50303,133.76596,145.8618,88.05481,134.30261,170.06016,153.02768,106.63966,157.81938,109.54876,68.15123,152.78084,142.10297,91.72327,107.01654,8
20.png,137.7795,107.32292,152.45854,94.91181,142.79357,175.1244,140.68316,169.26142,118.57423,82.57094,81.36215,148.01855,174.53259,103.65585,74.3854,8
22.png,120.33712,126.6966,152.04905,82.85734,147.46295,161.26644,149.28373,148.66617,130.51853,105.34196,85.51703,159.90309,171.33696,108.21433,53.86668,8
23.jpg,93.10417,137.03004,145.47741,75.69964,138.80577,173.39758,154.26156,107.0423,161.20287,133.11851,82.16283,173.69758,154.3453,84.06392,99.71258,8
24.png,127.24606,124.63324,158.742,82.50752,154.56051,163.42539,154.93804,145.12394,139.14457,106.15262,85.41191,153.28639,169.22261,86.92701,84.69587,8
28.png,144.6233,114.36364,149.61783,94.71613,135.37198,160.00597,146.17553,161.24959,140.08678,95.29661,89.25584,163.04071,174.29651,101.20095,72.72012,8
3.png,120.34919,110.96834,149.28686,100.13562,142.93442,165.55936,149.55691,159.17145,154.11588,97.81119,102.28267,160.97283,132.28438,76.53863,100.22388,8
31.png,84.64701,134.24734,146.32053,77.60425,118.43966,158.73985,141.22956,152.87204,139.12268,95.9222,90.32944,169.82503,143.72247,59.30176,115.51262,8
34.png,133.91701,107.05964,134.17457,132.22757,164.7515,152.67493,162.01682,135.8154,140.54717,122.70186,123.78204,143.69795,132.10018,123.14137,91.48215,8
35.png,99.18073,115.00285,147.14678,98.82645,134.02749,164.22719,152.20598,143.05475,157.01848,88.80064,96.95725,151.5278,130.82315,70.2691,113.18853,8
37.png,135.76315,96.81362,137.73264,130.73594,143.10092,155.95846,133.14513,141.4953,149.0078,108.20023,111.00291,165.66137,164.18059,83.50684,92.17789,8
39.png,97.28484,116.40155,149.42259,97.98436,123.07933,171.23842,155.95028,153.2412,151.18724,99.39116,95.95519,159.74501,126.34483,72.29324,124.10529,8
5.png,157.7534,139.41964,147.24429,64.43967,138.27794,173.58792,140.99334,117.17611,134.2049,80.86337,106.81223,146.62605,151.19201,84.65605,83.08044,8
50.webp,88.55718,128.59217,150.04271,79.95222,138.87182,167.0946,158.8033,138.06337,152.48694,129.50472,113.05106,162.23489,150.06423,81.44452,95.14483,8
51.jpg,100.23618,119.08709,146.50485,94.60992,144.13548,178.02942,156.66614,154.82955,156.43922,116.31481,112.45288,166.17029,140.83267,84.10409,74.96028,8
58.jpg,127.76005,114.58218,140.79375,106.21781,151.00696,160.0668,151.43722,152.9994,163.28118,114.25082,104.2563,166.64825,142.13435,84.14732,88.92235,8
59.jpg,116.02523,111.40956,145.32772,100.25792,154.44143,171.09219,167.43425,139.7734,166.01274,118.11185,94.73225,166.7385,151.01539,66.84979,99.17304,8
64.jpg,94.59737,128.3942,143.18643,93.97884,132.8002,173.92914,146.59904,95.98768,167.30023,115.65621,84.00847,176.24868,147.35008,74.16777,112.92244,8
66.webp,81.24051,139.96299,152.13526,66.13902,140.11284,161.06531,135.89968,129.04872,151.46469,118.74319,98.65489,170.71812,155.21591,81.08208,83.94984,8
7.png,114.93163,125.8649,140.64931,86.60163,148.09847,150.2809,138.59769,135.70816,143.86291,100.51675,111.55164,155.21403,100.15079,74.97609,116.61842,8
70.jpeg,96.97733,108.10676,148.72524,99.72953,138.24021,173.51561,170.27156,160.46199,146.75298,116.70397,91.79975,148.94248,137.69758,82.00183,106.96924,8
77.jpg,95.71237,130.28217,145.71558,79.84268,138.87349,171.98471,155.04357,130.79106,161.29926,123.79556,87.76568,173.48686,158.73196,70.50669,101.90909,8
78.jpg,74.32751,128.5311,148.44489,82.25252,133.30298,177.93296,160.32374,122.62283,160.74516,130.88215,80.53883,168.02205,147.73777,63.33238,115.68633,8
8.png,141.58714,121.52058,144.98541,98.03736,135.34485,170.619,144.22186,143.30156,158.68383,104.55615,86.59843,167.08397,172.50133,83.76907,89.02548,8
91.jpg,120.56688,128.73448,154.73484,82.13679,155.77515,172.53923,167.79136,137.93202,139.95551,96.99426,78.99805,174.6837,160.96878,70.54112,99.75059,8
93.jpg,89.3904,125.4908,147.16554,84.32247,127.24928,173.71549,152.85344,140.59829,138.59655,93.80346,82.5146,157.56723,133.12495,64.93758,113.40793,8
95.jpg,89.20859,140.58962,152.84411,65.9475,133.61241,165.70149,154.10091,134.94756,151.83784,113.16898,93.21813,166.89638,143.04343,89.81674,93.13901,8
00000000.jpg,140.28997,145.711,157.12566,142.42149,156.71064,157.82084,151.93917,99.98559,93.66414,78.47612,130.37372,73.4506,144.88689,87.01545,78.56825,9
00000001.jpg,128.94474,148.91955,141.83474,147.7529,112.32575,162.55955,174.67299,104.192,101.16755,116.73085,73.61786,135.55286,70.89476,92.83035,89.08847,9
00000002.jpg,166.21568,164.30944,110.9232,173.76888,155.94103,156.80789,161.99799,112.85612,113.93154,137.0231,94.52439,164.65249,78.37095,43.64519,85.20922,9
00000003.jpg,140.46442,84.83792,122.7941,159.87009,121.15317,91.66988,175.74671,77.82308,103.69744,110.83544,73.59051,133.7188,66.85117,98.20297,94.40488,9
00000004.jpg,166.27386,155.50601,126.98156,156.8885,146.18788,157.2493,172.22006,107.54659,97.73997,113.03001,118.51203,167.13187,103.87912,84.21277,78.57184,9
00000005.jpg,125.11237,138.82855,153.46277,122.5228,154.19224,170.73557,162.07716,107.40707,105.31398,80.25321,125.22643,93.19896,114.44496,94.06236,94.42855,9
00000006.png,124.36096,159.60864,176.24349,129.59616,159.69954,165.55296,151.73345,105.30465,97.60875,96.90725,142.5419,72.9069,115.18639,88.75872,78.79497,9
00000007.png,141.5653,163.46416,131.45576,160.0612,147.06384,158.22879,159.14459,108.8222,106.2001,131.71217,97.39228,120.23613,77.65074,73.31117,98.26005,9
00000008.jpg,171.07975,160.43257,129.50587,169.84222,157.89956,152.57083,152.22245,110.68414,107.50565,145.4823,100.68224,154.31484,75.35503,58.2475,90.61097,9
00000009.jpg,125.7959,160.47116,152.03409,161.28303,156.13061,169.60761,164.74466,111.73522,112.42364,135.11454,92.33027,122.64034,77.7418,65.67018,94.11249,9
00000010.jpg,134.27954,155.12247,165.29189,129.41468,160.97837,163.63194,151.78797,91.12455,106.72211,89.34872,134.66432,68.8228,139.91915,98.4606,75.00621,9
00000012.jpg,148.0939,150.90387,117.46919,176.42326,136.98287,147.76455,165.15002,111.65287,98.00274,142.17836,82.02664,139.66669,77.43889,62.32745,83.67368,9
00000014.jpg,122.12285,151.19618,123.28951,159.60518,129.84182,160.75173,165.06863,98.34761,118.37758,125.04529,63.60825,130.25163,79.38748,73.23685,87.04365,9
00000015.jpg,45.56056,64.61817,143.8193,118.59109,121.04621,165.29207,152.40951,83.64392,111.1034,136.72851,123.8536,145.83664,128.29901,89.68067,88.02466,9
00000016.jpg,94.47647,154.46181,157.98485,125.80978,151.80113,165.47575,155.45522,108.25198,117.37615,82.87684,96.43183,79.7239,144.95344,92.54349,120.41886,9
00000017.jpg,145.00356,158.68563,119.77693,167.07815,157.54772,155.28816,159.26716,108.32072,107.2105,141.27754,92.97099,149.63458,73.94833,56.72473,87.9211,9
00000018.jpg,116.82491,145.43467,149.72353,109.59226,145.09307,169.8137,162.50054,95.53243,86.53963,67.19964,121.35643,65.9738,132.57521,89.69218,98.44396,9
00000019.jpg,139.89166,150.23192,116.04079,166.28837,131.8204,155.72984,169.64939,115.75918,100.47032,131.2691,73.43405,134.60302,82.95855,64.93081,85.22537,9
00000020.jpg,127.24313,141.24818,150.37149,116.04564,158.88679,168.32531,157.59894,90.64156,103.69834,69.27282,128.09301,77.25787,129.45518,99.33915,78.55263,9
00000021.jpg,126.04626,146.32839,164.02339,135.66707,170.2538,161.56364,148.65277,94.07457,106.74315,85.42229,135.82784,81.46529,133.67546,91.55561,77.91905,9
00000024.jpg,107.10506,141.72887,162.08926,107.38093,166.11905,174.05081,159.25212,109.08191,111.90171,61.51978,93.99562,73.73818,147.91373,89.98504,96.60201,9
00000026.jpg,125.11237,138.82855,153.46277,122.5228,154.19224,170.73557,162.07716,107.40707,105.31398,80.25321,125.22643,93.19896,114.44496,94.06236,94.42855,9
00000027.jpg,150.82425,85.3261,161.77357,142.84185,109.35945,170.69148,164.08925,127.01363,123.82888,147.98483,152.28467,177.22085,167.84274,50.51245,96.35845,9
00000030.jpg,127.64128,141.02905,149.22898,114.44522,158.89853,168.48748,158.75559,89.95281,103.37381,68.00576,127.40315,77.70195,128.58816,98.33609,79.68057,9
00000033.jpg,86.69931,158.64825,107.43753,145.39157,151.76057,163.40787,145.98364,124.83706,95.59865,89.52908,109.16659,106.78063,163.49604,78.32599,57.73197,9
00000034.jpg,107.10506,141.72887,162.08926,107.38093,166.11905,174.05081,159.25212,109.08191,111.90171,61.51978,93.99562,73.73818,147.91373,89.98504,96.60201,9
00000035.jpg,79.25734,160.29155,133.76949,170.23471,170.0686,148.55199,176.79334,100.9704,108.93773,103.22276,134.59943,123.15904,170.73986,78.1677,28.1896,9
00000037.jpg,82.3286,156.88699,106.05155,145.29488,144.91935,167.10487,156.66531,123.2753,94.30094,91.10079,111.11622,105.762,165.51074,80.07343,55.10747,9
00000038.jpg,111.71166,120.87703,162.9209,125.89228,157.90741,135.53194,133.31075,96.60919,86.78525,70.87526,134.00817,110.27423,176.83502,72.79844,60.46462,9
00000042.jpg,123.31621,141.23957,153.90459,118.15887,149.91893,169.45357,168.1457,87.51799,77.63493,72.91071,122.07116,96.15019,119.61587,82.2848,78.87555,9
00000044.jpg,123.3873,138.97474,141.9759,111.34063,155.63946,166.22383,158.65914,92.94336,95.34858,62.50446,127.61375,73.5604,113.36116,99.73496,103.80591,9
00000046.jpg,124.49921,165.133,159.4369,138.03092,164.12753,164.79389,158.8171,99.26031,114.57822,93.26357,137.16818,58.13333,138.17581,100.52898,77.59046,9
00000048.jpg,163.26613,160.97149,122.5736,170.19337,161.93037,161.93726,160.46239,127.17288,108.41718,147.44436,79.78572,127.90861,52.51094,75.02812,107.67202,9
00000060.jpg,100.46003,136.08762,147.98202,133.81086,171.07818,149.00528,139.24687,101.08639,93.86508,73.12418,130.81016,116.08023,177.24561,83.99395,61.41261,9
00000074.jpg,124.49921,165.133,159.4369,138.03092,164.12753,164.79389,158.8171,99.26031,114.57822,93.26357,137.16818,58.13333,138.17581,100.52898,77.59046,9
00000077.jpg,130.86098,135.79938,149.61377,121.3857,160.60582,165.63608,162.19414,91.19567,105.37397,71.62112,127.10462,75.68849,127.73206,100.60072,81.17831,9
00000080.jpg,124.27076,156.27874,158.65307,116.10462,158.23587,162.03786,157.17027,85.14017,107.18906,87.09212,142.67581,70.81491,110.37496,91.94428,95.80567,9
00000082.jpg,156.02645,158.46729,125.7719,168.54998,140.67455,152.22882,165.32235,105.316,101.42463,136.85565,90.5435,116.36557,75.13618,69.89235,103.2897,9
00000087.jpg,45.75184,40.93211,160.81489,133.26573,153.60701,170.16842,162.70352,109.54896,143.33395,151.90279,138.6398,165.93875,149.10472,75.11212,89.67713,9
00000089.jpg,127.12653,151.37355,144.30116,144.7184,111.93574,164.12603,174.14088,103.93901,100.07803,118.66141,76.04097,133.94694,72.49384,94.04332,91.6822,9
00000090.jpg,145.37114,153.56226,120.078,169.95291,131.51449,152.62586,166.85276,109.7142,92.90548,146.01962,72.66551,143.41694,80.35101,55.01935,82.70376,9
00000092.jpg,133.9163,144.94845,146.84756,120.017,153.58594,166.44761,159.01563,93.46215,99.62785,67.90923,127.21683,83.04852,108.10616,92.88578,105.15599,9
00000104.jpg,100.46003,136.08762,147.98202,133.81086,171.07818,149.00528,139.24687,101.08639,93.86508,73.12418,130.81016,116.08023,177.24561,83.99395,61.41261,9
00000114.jpg,128.4522,149.66621,175.38099,155.02268,166.37661,160.54129,154.09214,113.50778,105.90511,82.93447,133.20317,72.90732,145.62352,78.95228,101.13555,9
00000162.jpg,146.14099,157.93088,151.70186,175.58628,142.89702,143.55031,160.66517,132.21448,95.06651,95.56162,117.55968,140.25086,157.63812,82.91851,71.56731,9
00000166.jpg,102.22907,122.69682,79.51886,120.75286,124.71423,127.36685,133.54851,38.33294,36.49881,129.22579,74.39694,117.76322,61.09093,98.13521,96.52812,9
00000247.jpg,134.84982,159.95228,135.38232,143.61582,142.97714,161.28306,171.49346,102.57116,101.7667,100.85865,148.89072,60.67248,143.94864,97.70448,62.56477,9
